A0_id,B0_id,A1_id,A_dialog_0,B_dialog_0,A_dialog_1,A_emotion_0,A_emotion_1
4,5,6,You’re a genius!,"Aww, man, now we won’t be bank buddies!","Now, there’s two reasons.",joy,neutral
7,8,9,Hey.,Hey!,"Ohh, you guys, remember that cute client I told you about? I bit him.",neutral,neutral
9,10,11,"Ohh, you guys, remember that cute client I told you about? I bit him.",Where?!,On the touchy.,neutral,neutral
11,12,13,On the touchy.,And,"No, I know!",neutral,surprise
16,17,18,Yeah! Yeah! Yeah! Like-like when I’m doing something exciting and I don’t wanna get,"Thank you, Joey.","No-no, thank you.",joy,neutral
19,20,21,"Hey Estelle, listen",Well! Well! Well! Joey Tribbiani! So you came back huh? They,What are you talkin’ about? I never left you! You’ve always been my agent!,neutral,surprise
20,21,22,Well! Well! Well! Joey Tribbiani! So you came back huh? They,What are you talkin’ about? I never left you! You’ve always been my agent!,Really?!,surprise,surprise
21,22,23,What are you talkin’ about? I never left you! You’ve always been my agent!,Really?!,Yeah!,surprise,joy
22,23,24,Really?!,Yeah!,"Oh well, no harm, no foul.",surprise,neutral
26,27,28,Yeah!!,Tonight? You-you didn't say it was going to be at nighttime.,Yes? Yes?! How can I help you?,joy,neutral
28,29,30,Yes? Yes?! How can I help you?,"Yeah, we were…we were just looking around.","Oh-oh, you’re-you’re fellow scholars.",neutral,surprise
32,33,34,"Perhaps,  perhaps Dr. Chester Stock’s musings on the Smiledon Californicus?",Uhh….,"Ah… Ah…Get out of here!  Uh, meeting someone? Or-or are you just here to brush up on Marion’s views on evolution?",neutral,anger
34,35,36,"Ah… Ah…Get out of here!  Uh, meeting someone? Or-or are you just here to brush up on Marion’s views on evolution?","Uh, actually I find Marion’s views far too progressionist.",I find Marion’s views far too progressionist.,anger,neutral
35,36,37,"Uh, actually I find Marion’s views far too progressionist.",I find Marion’s views far too progressionist.,"I’m sorry, who are you?",neutral,surprise
36,37,38,I find Marion’s views far too progressionist.,"I’m sorry, who are you?","I’m a professor here uh, Ross…Geller.",neutral,neutral
37,38,39,"I’m sorry, who are you?","I’m a professor here uh, Ross…Geller.","Ross Geller, why do I know that name? It’s uh—Wait!  Did you write this?",surprise,surprise
38,39,40,"I’m a professor here uh, Ross…Geller.","Ross Geller, why do I know that name? It’s uh—Wait!  Did you write this?",Yes! You’re the person who checked out my book?!,neutral,surprise
39,40,41,"Ross Geller, why do I know that name? It’s uh—Wait!  Did you write this?",Yes! You’re the person who checked out my book?!,"Y’know, you look nothing like I would’ve thought. You’re…you’re so young.",surprise,surprise
40,41,42,Yes! You’re the person who checked out my book?!,"Y’know, you look nothing like I would’ve thought. You’re…you’re so young.","Well I uh, I skipped forth grade.",surprise,neutral
43,44,45,You had no right to tell me you ever had feelings for me.,What?,I was doing great with Julie before I found out about you.,anger,anger
44,45,46,What?,I was doing great with Julie before I found out about you.,"Hey, I was doin' great before I found out about you. You think it's easy for me to see you with Julie?",surprise,anger
45,46,47,I was doing great with Julie before I found out about you.,"Hey, I was doin' great before I found out about you. You think it's easy for me to see you with Julie?",The point is I...,anger,anger
50,51,52,This ship has sailed.,"Alright, fine, you go ahead and you do that, alright Ross.",Fine.,anger,anger
51,52,53,"Alright, fine, you go ahead and you do that, alright Ross.",Fine.,Cause I don't need your stupid ship.,anger,anger
52,53,54,Fine.,Cause I don't need your stupid ship.,Good.,anger,anger
53,54,55,Cause I don't need your stupid ship.,Good.,Good.,anger,anger
56,57,58,"Oh, it's so romantic to send people off on their honeymoon.","Y’know, Monica and Chandler are married. Ross and Rachel are having a baby. Maybe you and I should do something.",All in good time my love.,joy,neutral
62,63,64,Well you can let me in later.,"I don’t have a key, they took mine to give to you.",What?! They took mine to give to you!,neutral,surprise
63,64,65,"I don’t have a key, they took mine to give to you.",What?! They took mine to give to you!,Why would they take away our keys?,neutral,surprise
66,67,68,Wow! It looks like we got a lot of good stuff.,"Oh we did, but my mom got us the greatest gift of all.",A,joy,neutral
67,68,69,"Oh we did, but my mom got us the greatest gift of all.",A,No. She’s going to live with us for eight weeks.,joy,neutral
68,69,70,A,No. She’s going to live with us for eight weeks.,"Uh, what?",neutral,surprise
69,70,71,No. She’s going to live with us for eight weeks.,"Uh, what?",Yes! She’s gonna help us take care of the baby! Woo-hoo.,neutral,joy
70,71,72,"Uh, what?",Yes! She’s gonna help us take care of the baby! Woo-hoo.,What—You’re not serious.,surprise,surprise
74,75,76,She’ll drive us totally crazy.,Hi Ross!,Hi roomie!,disgust,joy
82,83,84,And the nudity is really important to the story.,That’s what you say about porn.,You’re right. Maybe I shouldn’t even go on the call back.,neutral,neutral
83,84,85,That’s what you say about porn.,You’re right. Maybe I shouldn’t even go on the call back.,"No! No you should! A lot of major actors do nude scenes! I mean, the chance to star in a movie? Come on!",neutral,joy
84,85,86,You’re right. Maybe I shouldn’t even go on the call back.,"No! No you should! A lot of major actors do nude scenes! I mean, the chance to star in a movie? Come on!",Well that’s true.,neutral,neutral
93,94,95,"Hey, what’s up?","Nothing, Monica and I had a stupid fight.","But you’re still moving in together, right? Because my ad came out today.",neutral,neutral
94,95,96,"Nothing, Monica and I had a stupid fight.","But you’re still moving in together, right? Because my ad came out today.","""Wanted. Female roommate, non-smoker, non-ugly."" Nice!",sadness,joy
95,96,97,"But you’re still moving in together, right? Because my ad came out today.","""Wanted. Female roommate, non-smoker, non-ugly."" Nice!",Yeah?,neutral,neutral
106,107,108,"Yeah, no one talks like that!",Oh what? Like your Mr. Cop!,"Hey, I'm more cop than you two!",anger,anger
108,109,110,"Hey, I'm more cop than you two!",How do you figure that?,"Hello! I'm in the front seat, okay? I'm Gary's partner!",anger,neutral
111,112,113,I guess so.,Here you go. Thank you!,"Wait, Rach! Where's the other one?",neutral,neutral
112,113,114,Here you go. Thank you!,"Wait, Rach! Where's the other one?","Oh what, you-you want both of them?",neutral,surprise
113,114,115,"Wait, Rach! Where's the other one?","Oh what, you-you want both of them?","Rachel Karen Green, where's the other earring?!",neutral,anger
114,115,116,"Oh what, you-you want both of them?","Rachel Karen Green, where's the other earring?!","Okay, okay, okay, look, just don't freak out, but I kinda lost it.",surprise,fear
117,118,119,"I know it's in the apartment, but I","Well, what am I going to tell Monica? She wants to wear them tonight!",Tell her to wear her own earrings.,neutral,anger
118,119,120,"Well, what am I going to tell Monica? She wants to wear them tonight!",Tell her to wear her own earrings.,These,fear,neutral
119,120,121,Tell her to wear her own earrings.,These,Nooo! Nooooo! You lent me Monica's earrings?! I'm not allowed to borrow her stuff!,anger,anger
120,121,122,These,Nooo! Nooooo! You lent me Monica's earrings?! I'm not allowed to borrow her stuff!,Why not?,neutral,neutral
121,122,123,Nooo! Nooooo! You lent me Monica's earrings?! I'm not allowed to borrow her stuff!,Why not?,Because I lose her stuff!,anger,anger
129,130,131,What’s going on?,Chandler’s gone again!,Oh my God! Why would you play hide and seek with someone you know is a flight risk?!,neutral,sadness
131,132,133,Oh my God! Why would you play hide and seek with someone you know is a flight risk?!,Okay. You ready to push again?,I already had a baby. Leave me alone.,sadness,anger
140,141,142,"Come on little Chandler, it's time to be born. Come on little Chandler! Come on!","All right, he's coming. He's coming!","Hey, where's his thing?",joy,surprise
143,144,145,Chandler's a girl!,"Oh God, kindergarten flashback.",They musta read the sonogram wrong.,surprise,surprise
149,150,151,Am I too late?!,"No-no ah, everything's okay. Everybody's healthy there's 30 fingers and 30 toes.",We have our babies?,neutral,surprise
150,151,152,"No-no ah, everything's okay. Everybody's healthy there's 30 fingers and 30 toes.",We have our babies?,Yeah.,joy,joy
151,152,153,We have our babies?,Yeah.,"Oh, we have our babies.",surprise,joy
154,155,156,Hey Toby!,Hey Bobby.,"It’s Bob actually. Hey, you work up here, can you tell me where this Chandler",joy,neutral
155,156,157,Hey Bobby.,"It’s Bob actually. Hey, you work up here, can you tell me where this Chandler","Uhh yeah. Yeah, it’s  right, right down there.  Right there, yeah. Can I ask you why?",neutral,neutral
156,157,158,"It’s Bob actually. Hey, you work up here, can you tell me where this Chandler","Uhh yeah. Yeah, it’s  right, right down there.  Right there, yeah. Can I ask you why?","I want to talk to that bastard, see what his problem is.",neutral,anger
157,158,159,"Uhh yeah. Yeah, it’s  right, right down there.  Right there, yeah. Can I ask you why?","I want to talk to that bastard, see what his problem is.","Okay Bob listen uhh, I’m the reason you didn’t get the job up here.",neutral,sadness
158,159,160,"I want to talk to that bastard, see what his problem is.","Okay Bob listen uhh, I’m the reason you didn’t get the job up here.",Toby don’t.,anger,sadness
159,160,161,"Okay Bob listen uhh, I’m the reason you didn’t get the job up here.",Toby don’t.,Bob!,sadness,sadness
160,161,162,Toby don’t.,Bob!,Toby! I’m not gonna let you cover for him. Anything you say right now will just get me more upset with Chandler!,sadness,anger
164,165,166,Thank you.  Oh Joey and look at this crib! It’s so cute!,I know! I found it on the street.,Are you serious—Really?! It’s in such good condition.,joy,surprise
165,166,167,I know! I found it on the street.,Are you serious—Really?! It’s in such good condition.,Yeah.,joy,neutral
166,167,168,Are you serious—Really?! It’s in such good condition.,Yeah.,Wow! Whoa-whoa what’s under the covers?,surprise,surprise
167,168,169,Yeah.,Wow! Whoa-whoa what’s under the covers?,I don’t know.,neutral,neutral
168,169,170,Wow! Whoa-whoa what’s under the covers?,I don’t know.,It’s moving.,surprise,fear
169,170,171,I don’t know.,It’s moving.,Ew.,neutral,disgust
170,171,172,It’s moving.,Ew.,It’s still——It’s got a tail! Get it out of here! Get it out of here!!,fear,fear
171,172,173,Ew.,It’s still——It’s got a tail! Get it out of here! Get it out of here!!,Ooh! Ah! Okay!,disgust,fear
175,176,177,we talked through most of the night and we realized that the reason we were so angry at each other was because there are still feelings there. So,Oh just say it Kyle!,We’re gonna give it another try.,sadness,joy
178,179,180,What about her whining and her constant need for attention?!,I’m gonna work on that.,"Oh right, because you’re so capable of change.",anger,anger
181,182,183,"Y’know, he hums when he pees!",I do know.,"It makes him miss the bowl, but whatever.",anger,disgust
182,183,184,I do know.,"It makes him miss the bowl, but whatever.",We’re so sorry.,neutral,sadness
183,184,185,"It makes him miss the bowl, but whatever.",We’re so sorry.,"That’s all right, we-we don’t need you. In fact, hey I’m over it already.",disgust,anger
188,189,190,"I’m sorry. Ugh, Pheebs, you were, you were right about her. Y’know, she","Oh. Y’know, he hums while he does other stuff to.","Yeah, we're better off without them.",sadness,anger
189,190,191,"Oh. Y’know, he hums while he does other stuff to.","Yeah, we're better off without them.","And y’know, even if they break up again, you’d better not let him in your sad men’s club!",neutral,anger
190,191,192,"Yeah, we're better off without them.","And y’know, even if they break up again, you’d better not let him in your sad men’s club!",Divorced men’s club.,anger,sadness
197,198,199,This is totally your fault!,My fault?! You threatened the judge!,"Well, you ripped the paper out of the court reporter’s machine!!",anger,anger
206,207,208,Phoebe!,Yeah?,Have you seen Chandler?!,neutral,neutral
207,208,209,Yeah?,Have you seen Chandler?!,No! Why?,neutral,neutral
208,209,210,Have you seen Chandler?!,No! Why?,The woman from the museum called and said that there was a cancellation and that we could move up our wedding and Chandler heard!,neutral,fear
212,214,215,How bad is this?,"Well for the regular guy, it’s bad, but Chandler, Oh dear God!",I know! I know! And he totally freaked out and I can’t find him anywhere!,fear,fear
214,215,216,"Well for the regular guy, it’s bad, but Chandler, Oh dear God!",I know! I know! And he totally freaked out and I can’t find him anywhere!,What are you gonna do?,fear,neutral
215,216,217,I know! I know! And he totally freaked out and I can’t find him anywhere!,What are you gonna do?,"Well, I’m never gonna listen to you again, that’s for sure!",fear,anger
218,219,220,"""Y’know, harm can it do if you go and put your name down?""",Rachel said that!,Well Rachel’s not here!,neutral,anger
225,226,227,"My son is being born, and I should be in there, you know, instead of stuck in a closet with you.",The woman I love is having a baby today. I've been waiting for this just as much as you have.,"No no no, believe me.",anger,anger
236,237,238,Every day is Lesbian Lover Day.,This is so great.,You wanna explain that?,neutral,neutral
237,238,239,This is so great.,You wanna explain that?,"I mean, well, 'cause when I was growing up, you know my dad left, and my mother died, and my stepfather went to jail, so I barely had enough pieces of parents to make one whole one.",joy,sadness
245,246,247,"Hi, how are you doing Kelly?","I'm doing just fine! God, Tiffany, you smell so great!",It's my new perfume. Why don't you come closer where you can,neutral,neutral
246,247,248,"I'm doing just fine! God, Tiffany, you smell so great!",It's my new perfume. Why don't you come closer where you can,"Oh, y'know Joey, you are sick!",joy,disgust
247,248,249,It's my new perfume. Why don't you come closer where you can,"Oh, y'know Joey, you are sick!",This is disgusting!,neutral,disgust
248,249,250,"Oh, y'know Joey, you are sick!",This is disgusting!,I'm not reading this!,disgust,disgust
256,257,258,"Danielle! Hi! Uh- everybody, this is Danielle, Danielle, everybody.",Hi. Hi.,What are you doing here?,neutral,surprise
264,265,266,That she left you for another woman that likes women?,"Little louder, okay, I think there's a man on the twelfth floor in a coma that didn't quite hear you...",Then what?,neutral,neutral
265,266,267,"Little louder, okay, I think there's a man on the twelfth floor in a coma that didn't quite hear you...",Then what?,My first time with Carol was...,anger,neutral
267,268,269,My first time with Carol was...,What?,It was my,neutral,neutral
268,269,270,What?,It was my,With Carol?  Oh.,neutral,surprise
270,271,272,With Carol?  Oh.,"So in your whole life, you've only been with one——oh.","Whoah, boy, hockey was a big mistake! There was a whole bunch of stuff we could've done tonight!",surprise,surprise
273,274,275,Hi. Where is everybody?,"Oh, it’s already closed, Chris gave me the keys to lock up-what is wrong?","My marriage, I think my marriage is um, is kinda over.",neutral,sadness
274,275,276,"Oh, it’s already closed, Chris gave me the keys to lock up-what is wrong?","My marriage, I think my marriage is um, is kinda over.",Oh no! Why?,sadness,surprise
275,276,277,"My marriage, I think my marriage is um, is kinda over.",Oh no! Why?,"‘Cause Carol’s a lesbian.  And, and I’m not one. And apparently it’s not a mix and match situation.",sadness,sadness
276,277,278,Oh no! Why?,"‘Cause Carol’s a lesbian.  And, and I’m not one. And apparently it’s not a mix and match situation.","Oh my God! I don’t believe it! Oh, you poor bunny.",surprise,surprise
277,278,279,"‘Cause Carol’s a lesbian.  And, and I’m not one. And apparently it’s not a mix and match situation.","Oh my God! I don’t believe it! Oh, you poor bunny.",I’m an idiot.,sadness,disgust
280,281,282,"I mean shoulda seen it, I mean Carol and I’d be out and she’d, she’d see some beautiful woman, and, and she’d be Ross y'know look at her, and I’d think, God, my wife is cool!","Aw! Hey, do you think that Susan person is her lover?","Well, now I do!!",sadness,surprise
281,282,283,"Aw! Hey, do you think that Susan person is her lover?","Well, now I do!!",I’m sorry.,neutral,sadness
282,283,284,"Well, now I do!!",I’m sorry.,Seven years.,surprise,sadness
290,291,292,"But,  you’ve got one more apology to make, all right, you’ve got to apologize to Mary-Angela.","Okay, absolutely!",All right.,neutral,neutral
291,292,293,"Okay, absolutely!",All right.,You’ve got it.,joy,neutral
292,293,294,All right.,You’ve got it.,"Cookie, now you can punch him!",neutral,anger
293,294,295,You’ve got it.,"Cookie, now you can punch him!",What?!,neutral,surprise
296,297,298,"All right, that's it, I quit.",What? I didn't say anything.,"Yeah, but this  isn't the face of a person who trusts a person.",anger,anger
299,300,301,"Ok, this  is the face of a person who, you know, doesn't trust a person.","I'm sorry. I'm sorry, Phoebe. It's just a little shorter than what we had discussed.",Would you relax? I know what I am doing. This is how he wears it.,anger,anger
300,301,302,"I'm sorry. I'm sorry, Phoebe. It's just a little shorter than what we had discussed.",Would you relax? I know what I am doing. This is how he wears it.,Julie.,sadness,neutral
302,303,304,Julie.,What?!,Jody!,neutral,surprise
303,304,305,What?!,Jody!,You were with Julie?,surprise,neutral
304,305,306,Jody!,You were with Julie?,"Look, when it started I was just trying to be nice to her because she was my brother's girlfriend.",surprise,neutral
307,308,309,"And then, one thing led to another and, before I knew it, we were...shopping.",Oh. Oh my God.,"Honey, wait. We only did it once. It didn't mean anything to me.",neutral,sadness
308,309,310,Oh. Oh my God.,"Honey, wait. We only did it once. It didn't mean anything to me.","Yeah, right.  Sure!",surprise,anger
309,310,311,"Honey, wait. We only did it once. It didn't mean anything to me.","Yeah, right.  Sure!","Really, Rachel, I was thinking of you the whole time.",sadness,sadness
313,314,315,I never meant for you to find out!,"Oh, please, you wanted to get caught.",That is not true!,sadness,anger
314,315,316,"Oh, please, you wanted to get caught.",That is not true!,"Oh, so you just sort of happened to leave it in here?",anger,anger
315,316,317,That is not true!,"Oh, so you just sort of happened to leave it in here?",Did it ever occur to you that I might just be that stupid?,anger,anger
316,317,318,"Oh, so you just sort of happened to leave it in here?",Did it ever occur to you that I might just be that stupid?,"Ok, Monica. I just have to know one thing. Did you go with her to",anger,sadness
317,318,320,Did it ever occur to you that I might just be that stupid?,"Ok, Monica. I just have to know one thing. Did you go with her to",Yeah!,anger,surprise
320,321,322,Yeah!,I can’t say.,Why?!,surprise,surprise
327,328,329,"Okay, okay. It’s James Brolin. James Brolin is the father of my baby.",As in Barbara Streisand’s husband James Brolin?,What?! Well he never said that to me!,neutral,surprise
329,330,331,What?! Well he never said that to me!,In,"Oh, this life! Oh okay no, Chandler's is worse.",surprise,sadness
331,332,333,"Oh, this life! Oh okay no, Chandler's is worse.","Man, it must be so cool remembering stuff like that! I don't have any past life memories.",Of course you don't sweetie. You're brand new.,sadness,neutral
341,342,343,"Wendy, we had a deal!  Yeah, you promised! Wendy! Wendy! Wendy!",Who was that?,Wendy bailed. I have no waitress.,anger,sadness
342,343,344,Who was that?,Wendy bailed. I have no waitress.,Oh... that's too bad. Bye bye.,neutral,sadness
343,344,345,Wendy bailed. I have no waitress.,Oh... that's too bad. Bye bye.,Ten dollars an hour.,sadness,neutral
344,345,346,Oh... that's too bad. Bye bye.,Ten dollars an hour.,No.,sadness,neutral
345,346,347,Ten dollars an hour.,No.,Twelve dollars an hour.,neutral,neutral
346,347,348,No.,Twelve dollars an hour.,"Mon. I wish I could, but I've made plans to walk around.",neutral,neutral
347,348,349,Twelve dollars an hour.,"Mon. I wish I could, but I've made plans to walk around.","You know, Rachel, when you ran out of your wedding, I was there for you.",neutral,anger
352,353,354,"The reactor’s gonna blow in three seconds, we’re never gonna make it!",You’ve got to get out of here! Save yourself!,No! I won’t leave you!,fear,fear
353,354,355,You’ve got to get out of here! Save yourself!,No! I won’t leave you!,"Don’t worry about me, I’m a robot! I’m just a machine!!",fear,sadness
354,355,356,No! I won’t leave you!,"Don’t worry about me, I’m a robot! I’m just a machine!!",No you’re not! Not to me!,fear,anger
355,356,357,"Don’t worry about me, I’m a robot! I’m just a machine!!",No you’re not! Not to me!,Oh my God.,sadness,surprise
356,357,358,No you’re not! Not to me!,Oh my God.,What?,anger,neutral
357,358,359,Oh my God.,What?,I am,surprise,neutral
358,359,360,What?,I am,"Yeah, you’re great! Okay, let’s take it from",neutral,joy
359,360,361,I am,"Yeah, you’re great! Okay, let’s take it from","No, I mean I was really acting my ass off.",neutral,joy
360,361,362,"Yeah, you’re great! Okay, let’s take it from","No, I mean I was really acting my ass off.","Yeah, I thought I was pretty good too.",joy,joy
361,362,363,"No, I mean I was really acting my ass off.","Yeah, I thought I was pretty good too.","Oh yeah, you’re solid. Yeah, you’re just no me.",joy,neutral
362,363,364,"Yeah, I thought I was pretty good too.","Oh yeah, you’re solid. Yeah, you’re just no me.",Y’know what? I think that’s enough for now. Yeah. I don’t want to be over rehearsed.,joy,neutral
363,364,365,"Oh yeah, you’re solid. Yeah, you’re just no me.",Y’know what? I think that’s enough for now. Yeah. I don’t want to be over rehearsed.,Fine!,neutral,anger
371,372,373,I can't believe that Ross is gone. It is just so sad.,I didn't know Ross and you were so close.,We weren't but we had one class together. He was such a great    guy and he talked so passionately about science. I always remembered him.,sadness,sadness
372,373,374,I didn't know Ross and you were so close.,We weren't but we had one class together. He was such a great    guy and he talked so passionately about science. I always remembered him.,I'm sure that would mean a lot to him.,surprise,neutral
381,382,383,"I mean, the fact that you are here means more    to me than if this room were filled with people!","You sick freak, who does that? I can't believe I had a crush on    you!",Did you hear that? Kori Weston had a crush on me!!,joy,joy
384,385,386,We’ll do a quick check.,Okay.,"So, eight days late huh?",neutral,surprise
385,386,387,Okay.,"So, eight days late huh?",Yeah.,neutral,neutral
386,387,388,"So, eight days late huh?",Yeah.,You must be a little uncomfortable.,surprise,neutral
387,388,389,Yeah.,You must be a little uncomfortable.,"Eh, just a tad.",neutral,neutral
388,389,390,You must be a little uncomfortable.,"Eh, just a tad.","You’re about 80 percent effaced, so you’re on your way.",neutral,neutral
392,393,394,If you’re anxious there are a few ways to help things along.,Do them!!,"Actually, they’re things you can do. Just some home remedies, but in my experience I’ve found that some of them are quite effective.",neutral,neutral
394,395,396,"Actually, they’re things you can do. Just some home remedies, but in my experience I’ve found that some of them are quite effective.","Well, we are ready to try anything.","Okay, there’s an herbal tea you can drink.",neutral,neutral
395,396,397,"Well, we are ready to try anything.","Okay, there’s an herbal tea you can drink.",Okay.,neutral,neutral
403,404,405,"I mean, uh, well, there is one way that seems to offer a certain acoustical advantage, but...",Just aim for the bump.,"Ok, ok, ok, ok, here goes.",neutral,neutral
408,409,410,I feel stupid.,"So don't do it, it's fine. You don't have to do it just because Susan does it.","Hello, baby. Hello, hello.",sadness,joy
418,419,420,Easy. Easy. You have to go to the hospital. Okay?,"Okay, I do.",Okay.,fear,neutral
419,420,421,"Okay, I do.",Okay.,I really do.,neutral,neutral
420,421,422,Okay.,I really do.,"Okay, I’m gonna get your coat and then I’ll-I’ll put you in a cab.",neutral,neutral
421,422,423,I really do.,"Okay, I’m gonna get your coat and then I’ll-I’ll put you in a cab.","Okay. Oh wait, wait-wait, you’re not gonna come with me?",neutral,sadness
422,423,424,"Okay, I’m gonna get your coat and then I’ll-I’ll put you in a cab.","Okay. Oh wait, wait-wait, you’re not gonna come with me?",Of course I am. I just have to make a call.,neutral,surprise
423,424,425,"Okay. Oh wait, wait-wait, you’re not gonna come with me?",Of course I am. I just have to make a call.,Okay.,sadness,neutral
424,425,426,Of course I am. I just have to make a call.,Okay.,Okay?,surprise,neutral
425,426,427,Okay.,Okay?,Thank you.  Oww!!!! God!,neutral,surprise
426,427,428,Okay?,Thank you.  Oww!!!! God!,"What?! I wh-, what’s wrong?",neutral,fear
427,428,429,Thank you.  Oww!!!! God!,"What?! I wh-, what’s wrong?","I’m sorry, I just can’t go to the hospital lookin’ like this.",surprise,disgust
433,434,435,"Check it out, he’s winning!  Pete’s winning!",Really?!,No-o-o!!,surprise,fear
442,443,444,Should we tell Rachel there’s an empty private room right next door to hers?,"We could, or we can have sex in it.","Well let me think about that, while I remove my pants!",neutral,joy
445,446,447,I thought I was a complete idiot.,"Hey, I’m with you. He even asked me if I thought you’d go out with him.","Oh! Oh, I think I’m gonna throw up a little bit. What did you say?",surprise,disgust
446,447,448,"Hey, I’m with you. He even asked me if I thought you’d go out with him.","Oh! Oh, I think I’m gonna throw up a little bit. What did you say?",I said no.,neutral,neutral
447,448,449,"Oh! Oh, I think I’m gonna throw up a little bit. What did you say?",I said no.,What?!,disgust,surprise
448,449,450,I said no.,What?!,What? I…I just figured since you’re pregnant you’re not gonna be seeing people.,neutral,surprise
449,450,451,What?!,What? I…I just figured since you’re pregnant you’re not gonna be seeing people.,"Okay Joey, first of all Kash Ford is not people. Second of all, what did he say when you told him I was pregnant?",surprise,anger
450,451,452,What? I…I just figured since you’re pregnant you’re not gonna be seeing people.,"Okay Joey, first of all Kash Ford is not people. Second of all, what did he say when you told him I was pregnant?",I didn’t tell him. I didn’t know if you were telling people. This is back when I thought Kash was still people.,surprise,neutral
451,452,453,"Okay Joey, first of all Kash Ford is not people. Second of all, what did he say when you told him I was pregnant?",I didn’t tell him. I didn’t know if you were telling people. This is back when I thought Kash was still people.,"Good-good, don’t tell him. Don’t tell him. Just have him call me okay?",anger,fear
452,453,454,I didn’t tell him. I didn’t know if you were telling people. This is back when I thought Kash was still people.,"Good-good, don’t tell him. Don’t tell him. Just have him call me okay?","Rach look, I really don’t think that’s such a great",neutral,sadness
453,454,455,"Good-good, don’t tell him. Don’t tell him. Just have him call me okay?","Rach look, I really don’t think that’s such a great","Okay, you go do it! I’ll come back to that set! I’ll meet more actors! I’ll meet ‘em all!",fear,joy
461,462,463,You tell them to wait!,Okay. Wait! Wait!,Emily.,anger,neutral
464,467,468,Oh no-no-no! Oh-no!  No! No! Emily!,I know. You're the guy who wouldn't chip in for the handyman.,Nevermind!,anger,anger
467,468,469,I know. You're the guy who wouldn't chip in for the handyman.,Nevermind!,"No, I-I actually thought it was unfair the way everyone reacted. I mean you had just moved in.",sadness,neutral
472,473,474,"Jen, I know this may sound a little… But uh, would you maybe wanna grab a cup of coffee sometime, or",Sure! That would be nice.,Umm?,neutral,neutral
473,474,475,Sure! That would be nice.,Umm?,Oh! My number is on there.  Give me a call.,joy,joy
474,475,476,Umm?,Oh! My number is on there.  Give me a call.,I will give you a call.,neutral,neutral
475,476,477,Oh! My number is on there.  Give me a call.,I will give you a call.,I'll see you later.,joy,neutral
476,477,478,I will give you a call.,I'll see you later.,Okay!,neutral,joy
477,478,479,I'll see you later.,Okay!,I forgot my paper.,neutral,neutral
481,482,483,What?,Okay.,Ow!,neutral,surprise
485,486,487,No. Thank you.,"No, Rachel never pees in public restrooms.","Well, they never have any paper in there y'know. So my rule is ‘no tissue, no tuschy.’  Well, if everybody’s going.",neutral,neutral
489,490,491,"Oh, no-no-no-no-no-no!!",What’s going on?,My lighter’s in there!,fear,fear
495,496,497,"No, no he’s not.","You guys, Joey just saw Janice kissing her ex-husband.","What?  So what are you going to do? I mean how, how are you going to tell Chandler?",neutral,surprise
498,499,500,"Well, I was thinking about that and I, I think the best way would be, to not.","Joey, you can’t keep this to yourself, if you know about this, you have to tell him.","It’ll kill him. I mean it’ll, it’ll just kill him.",neutral,fear
504,505,506,"Hey, what are you doing here?","Well, oh just ah, I was just wondering, when you and I split up, did you get the tape that was half the last episode of","Ah yeah, but now it’s Susan and me in Mexico and the hostages coming home.",neutral,neutral
505,506,507,"Well, oh just ah, I was just wondering, when you and I split up, did you get the tape that was half the last episode of","Ah yeah, but now it’s Susan and me in Mexico and the hostages coming home.",Where’s Ben?,neutral,neutral
506,507,508,"Ah yeah, but now it’s Susan and me in Mexico and the hostages coming home.",Where’s Ben?,He’s sleeping.,neutral,neutral
507,508,509,Where’s Ben?,He’s sleeping.,"Ahh.  Ooh, is this a ah, is this a bad time?",neutral,surprise
508,509,510,He’s sleeping.,"Ahh.  Ooh, is this a ah, is this a bad time?","Umm, yeah, actually, Susan’s gonna be home any minute, it’s kinda an anniversary.",neutral,joy
509,510,511,"Ahh.  Ooh, is this a ah, is this a bad time?","Umm, yeah, actually, Susan’s gonna be home any minute, it’s kinda an anniversary.","Oh! I thought you guys got married in uh, January?",surprise,surprise
510,511,512,"Umm, yeah, actually, Susan’s gonna be home any minute, it’s kinda an anniversary.","Oh! I thought you guys got married in uh, January?",It’s not that kind of anniversary.,joy,neutral
511,512,513,"Oh! I thought you guys got married in uh, January?",It’s not that kind of anniversary.,Ah!  Oh.,surprise,surprise
512,513,514,It’s not that kind of anniversary.,Ah!  Oh.,Sooo!! Anyway...,neutral,neutral
515,516,517,Where are we gonna find a tiny little hat?,"Oh, oh, oh, I’ll get ‘Rainy Day Bear’!!","Because he’ll know what to do?  Oh my God, you’re a genius!",neutral,joy
516,517,518,"Oh, oh, oh, I’ll get ‘Rainy Day Bear’!!","Because he’ll know what to do?  Oh my God, you’re a genius!","Oh God, oh God, it’s sowed on though.",joy,fear
517,518,519,"Because he’ll know what to do?  Oh my God, you’re a genius!","Oh God, oh God, it’s sowed on though.",Give it. Give it.,joy,neutral
518,519,520,"Oh God, oh God, it’s sowed on though.",Give it. Give it.,Okay.,fear,neutral
520,521,522,Okay.,Oh!!,"Oh, it’s just like a bloodbath in here today.",neutral,sadness
523,524,525,Please. This is so your fault.,"How, how is this my fault?","Look, Carol never threw me out of a room before you came along.",anger,anger
524,525,526,"How, how is this my fault?","Look, Carol never threw me out of a room before you came along.","Yeah? Well, there's a lot of things Carol never did before I came along.",surprise,anger
536,537,538,"So just stop all the yelling, just stop it!","Yeah, Susan.","Don't make me do this again, I don't like my voice like this.",anger,anger
544,545,546,"Oh, did I not mention? Carl is a guy I hired to be my identical twin for a medical research project.","Y’know sometimes the good ideas are just right in front of you, aren’t they?","Okay, I know it sounds crazy, but I think it might work. Y’know? The only problem is, Carl’s acting is",neutral,neutral
546,547,548,"Okay, I know it sounds crazy, but I think it might work. Y’know? The only problem is, Carl’s acting is",The,"Yeah, he’s the reason I didn’t get that big",neutral,neutral
548,549,550,"Yeah, he’s the reason I didn’t get that big","Hey, uh can I get a little piece of that cake?",Pizza!! We like Pizza!! Get out!!!,neutral,anger
551,552,553,"Hey Monica, there’s a customer who wants to complement the chef, should I let him in?","Sure, I love this part!",Come on in.,neutral,neutral
554,555,556,"Really? In the moment, I really wanted to kiss you too. In the moment.","In the moment, yeah.",But only in the moment. So do ya wanna kiss again?,joy,joy
555,556,557,"In the moment, yeah.",But only in the moment. So do ya wanna kiss again?,"Sure, New Year’s Eve is only two weeks away. Can you wait?",neutral,neutral
556,557,558,But only in the moment. So do ya wanna kiss again?,"Sure, New Year’s Eve is only two weeks away. Can you wait?",No.,joy,neutral
557,558,559,"Sure, New Year’s Eve is only two weeks away. Can you wait?",No.,Me neither.,neutral,neutral
558,559,560,No.,Me neither.,"3, 2,",neutral,neutral
559,560,561,Me neither.,"3, 2,","Joey, you don’t have to count down every time we kiss.",neutral,joy
560,561,562,"3, 2,","Joey, you don’t have to count down every time we kiss.","Uh, yeah, okay. Except I sorta felt like I needed a couple of seconds to get ready.",neutral,joy
572,573,574,"Hey, Joey, what would you do if you were omnipotent?",Probably kill myself!,..Excuse me?,neutral,surprise
573,574,575,Probably kill myself!,..Excuse me?,"Hey, if Little Joey's dead, then I got no reason to live!",sadness,sadness
575,576,577,"Hey, if Little Joey's dead, then I got no reason to live!","Joey, uh-",You,sadness,neutral
577,579,580,You,"Joey, onstage!",Well can you at least stay to the end of the play?,neutral,sadness
582,583,584,Where are you Vic?,Flight’s in an hour. I-I gotta go.,Vic! Vic!,neutral,anger
584,585,586,Vic! Vic!,In a minute!!,So this is it? Victor?,anger,sadness
585,586,587,In a minute!!,So this is it? Victor?,"Yeah, I guess it is.",anger,sadness
597,598,599,Nooo Way! The most romantic song ever is,"See, I-I think that one that Elton John wrote for, um, that guy on","What song was that, Pheebs?",neutral,neutral
598,599,600,"See, I-I think that one that Elton John wrote for, um, that guy on","What song was that, Pheebs?",Hi Monica!,neutral,joy
604,605,606,Nope.,"No, it's been three nights in a row.","Yeah, she finally stopped crying yesterday, but then she found one of Richard's cigar butts out on the terrace, so.",neutral,neutral
610,611,612,"So uh, man, are you gonna go to the play with me tonight?","Y’know what, I don’t know how comfortable I am going to see how hot the sex is between some guy and your girlfriend.","Yeah, I know but",neutral,neutral
611,612,613,"Y’know what, I don’t know how comfortable I am going to see how hot the sex is between some guy and your girlfriend.","Yeah, I know but","Oh no-no-no, I’m there.",disgust,neutral
614,615,616,Hey!,Hey Mon! Want some pancakes?,You made pancakes?,surprise,surprise
615,616,617,Hey Mon! Want some pancakes?,You made pancakes?,Yep! Grab a plate.,joy,joy
619,620,621,"No-no, stay right there.  Gettin’ closer.","Okay, okay, but don’t worry, because we also have cereals, muffins, waffles,","Listen also we’re uh, we’re watching the game here Saturday night, if people want to come over.",neutral,neutral
629,630,631,Oh my good God.,"Hey! Continuing the countdown of your favorite meals. Tonight, No. 3, macaroni and cheese with cut up hot dogs.","Look, you have done enough! Okay? You have to stop this now.",surprise,anger
630,631,632,"Hey! Continuing the countdown of your favorite meals. Tonight, No. 3, macaroni and cheese with cut up hot dogs.","Look, you have done enough! Okay? You have to stop this now.","I will! But not tonight. For dinner music, I thought we could listen to that tape you made me.",neutral,joy
631,632,633,"Look, you have done enough! Okay? You have to stop this now.","I will! But not tonight. For dinner music, I thought we could listen to that tape you made me.","Oh, the mixed tape.",anger,neutral
632,633,634,"I will! But not tonight. For dinner music, I thought we could listen to that tape you made me.","Oh, the mixed tape.",The Way You Look Tonight,joy,joy
637,638,639,Hey!,Hey!,"Hey, guess what I’m doing tonight.",joy,neutral
638,639,640,Hey!,"Hey, guess what I’m doing tonight.",What?,joy,neutral
639,640,641,"Hey, guess what I’m doing tonight.",What?,I’m checking out the restaurant with Pete.,neutral,neutral
640,641,642,What?,I’m checking out the restaurant with Pete.,"Ohh, Monica, I am so excited for you.",neutral,joy
644,645,646,"So honey this uh, this threesome thing umm, I mean how-how are you gonna start to find","Ooh, actually I’ve been making a list of all the women I know who might be into doing this!","Oh.  Wow!  Huh.  Boy!  Well, someone’s been doing their homework.",neutral,surprise
645,646,647,"Ooh, actually I’ve been making a list of all the women I know who might be into doing this!","Oh.  Wow!  Huh.  Boy!  Well, someone’s been doing their homework.","Yeah. Ooh, and I know Gail Rosten is in there twice, but she is so",joy,neutral
646,647,648,"Oh.  Wow!  Huh.  Boy!  Well, someone’s been doing their homework.","Yeah. Ooh, and I know Gail Rosten is in there twice, but she is so","Oh, I know.  Y’know, just-just talking about it is getting me kinda",surprise,neutral
647,648,649,"Yeah. Ooh, and I know Gail Rosten is in there twice, but she is so","Oh, I know.  Y’know, just-just talking about it is getting me kinda","Oh, me too.",neutral,neutral
648,649,650,"Oh, I know.  Y’know, just-just talking about it is getting me kinda","Oh, me too.","and then, we could’ve gone from the ceremony to the reception with you in the sidecar!",neutral,joy
650,651,652,"and then, we could’ve gone from the ceremony to the reception with you in the sidecar!","Ross, it just wouldn’t have been feasible.",But having a dove place the ring on your finger would’ve been no problem?,joy,anger
651,652,653,"Ross, it just wouldn’t have been feasible.",But having a dove place the ring on your finger would’ve been no problem?,It was really fun being married to you tonight.,neutral,joy
652,653,654,But having a dove place the ring on your finger would’ve been no problem?,It was really fun being married to you tonight.,"Yeah! And! And, it was the easiest 400 bucks I’ve ever made.",anger,joy
653,654,655,It was really fun being married to you tonight.,"Yeah! And! And, it was the easiest 400 bucks I’ve ever made.","Okay Ross, can I uh, can I ask you something?",joy,sadness
654,655,656,"Yeah! And! And, it was the easiest 400 bucks I’ve ever made.","Okay Ross, can I uh, can I ask you something?",Yeah.,joy,neutral
655,656,657,"Okay Ross, can I uh, can I ask you something?",Yeah.,"That proposal, at the planetarium",sadness,neutral
656,657,658,Yeah.,"That proposal, at the planetarium","I know, I know it was stupid.",neutral,sadness
657,658,659,"That proposal, at the planetarium","I know, I know it was stupid.",Are you kidding?!,neutral,surprise
664,665,666,"It’s how I imagined I uh, I would ask you to marry me.","Well, that would’ve been very hard to say no too.","It’s a good thing I didn’t do it, because it sounds like it would’ve been a very expensive wedding.  Okay, good night",neutral,neutral
665,666,667,"Well, that would’ve been very hard to say no too.","It’s a good thing I didn’t do it, because it sounds like it would’ve been a very expensive wedding.  Okay, good night",Goodnight,neutral,neutral
666,667,668,"It’s a good thing I didn’t do it, because it sounds like it would’ve been a very expensive wedding.  Okay, good night",Goodnight,Even if the sidecar had a windscreen so your hair wouldn’t get messed up?,neutral,neutral
667,668,669,Goodnight,Even if the sidecar had a windscreen so your hair wouldn’t get messed up?,I will think about it.,neutral,neutral
673,674,675,"No it isn’t, I ate that.",Well we left ours in Monica’s bedroom.,"Nope, got it and I got yours  too.",neutral,neutral
677,678,679,And that’s I’m so glad… there’s no problem.,"That’s fine, actually I’m on the hiring committee, so there’ll be at least one friendly face.",Ohh! That’s great!,joy,joy
678,679,680,"That’s fine, actually I’m on the hiring committee, so there’ll be at least one friendly face.",Ohh! That’s great!,"You know, Junior Miss is where I started. Oh, I had to sleep with the",neutral,neutral
679,680,681,Ohh! That’s great!,"You know, Junior Miss is where I started. Oh, I had to sleep with the",Really?!,joy,surprise
680,681,682,"You know, Junior Miss is where I started. Oh, I had to sleep with the",Really?!,No-ho-ho!,neutral,joy
685,686,687,"Although, I might need some convincing.","Well, I, umm","Kidding! God, I feel wild today!",neutral,joy
688,689,690,Oh my God! Chandler just left though!,"Yeah but, maybe it’s not what we think. Maybe it’s tell Monica I’m sorry I…drank the last of the milk.","Or maybe he-he was writing to tell her that-that he’s changed his name, y’know? Tell Monica I’m sorry.",surprise,neutral
690,691,692,"Or maybe he-he was writing to tell her that-that he’s changed his name, y’know? Tell Monica I’m sorry.",I think it means he freaked out and left!,Don’t be so negative! Good God! Isn’t it possible that Sorry is sitting in there  right now?!,neutral,anger
700,701,702,Hey!,Hi! Hey!,Do you guys know any cute guys?,joy,neutral
705,706,707,"Anyway, there’s this big charity ball this weekend and Ralph Lauren bought a table, so I kinda have to go",What’s the charity?,"I don’t know, something either trees or disease—Ralph mumbles a lot.",neutral,neutral
706,707,708,What’s the charity?,"I don’t know, something either trees or disease—Ralph mumbles a lot.",Does Ralph mumble when you’re not paying attention?,neutral,neutral
707,708,709,"I don’t know, something either trees or disease—Ralph mumbles a lot.",Does Ralph mumble when you’re not paying attention?,Yeah! It’s weird. But the thing is need to find a date.,neutral,surprise
709,710,711,Yeah! It’s weird. But the thing is need to find a date.,"Well, what kind of guy are you looking for?",Hey!,surprise,joy
713,714,715,"Oh, Rachel and I have appointments to get our hair cut.",We do?,I want to see what he wants first.,neutral,neutral
717,718,719,I just found out that Elizabeth’s dad wants to meet me.,"Wait a minute, hold the phone! You’re not Elizabeth’s dad?!","Come on guys, I-I really want this guy to like me.",sadness,fear
720,721,722,It-it would really help me out if you guys were here to make me look good.,Of course we’ll help! Yeah! We’ll be here!,Thanks!,sadness,joy
732,733,734,"Uh, so, where did you say you're from again?",Colorado.,"Ah, what good are you.",neutral,neutral
735,736,737,"Look, um, I think we should talk about what happened on the terrace.",Okay.,"Ah, I-I never should have said what I said.",neutral,sadness
740,741,742,"I mean we work together, so nothing could really ever happen between us, and what I would love is just to go to work on Monday, and-and never talk about this again, okay?","Um, I'm not.","Oh, god, I knew it, that I freaked you out.",sadness,sadness
741,742,743,"Um, I'm not.","Oh, god, I knew it, that I freaked you out.","No, you didn't. The only thing that freaked me out was you saying that nothing could ever happen between us.",neutral,sadness
742,743,744,"Oh, god, I knew it, that I freaked you out.","No, you didn't. The only thing that freaked me out was you saying that nothing could ever happen between us.",Really?,sadness,surprise
743,744,745,"No, you didn't. The only thing that freaked me out was you saying that nothing could ever happen between us.",Really?,"Yeah, so, please don't fire me for doing this.",sadness,sadness
746,747,748,"Get him! GET HIM! Get him! Get- YESSS! Not laughing now, are ya pal!","See buddy, that's all you need, a bunch of toothless guys hitting each other with sticks.",Pass it! Pass it!,anger,joy
747,748,749,"See buddy, that's all you need, a bunch of toothless guys hitting each other with sticks.",Pass it! Pass it!,He's open!,neutral,joy
749,750,751,He's open!,Shoot! Shoot! Shoot!,"Hey, look, we're on that TV thing!",joy,surprise
752,753,756,I am so psyched I kept this chair for myself!,"Yeah, me too.","Yeah? Wow! Y’know, that this thing has speakers in the headrest!",joy,surprise
753,756,757,"Yeah, me too.","Yeah? Wow! Y’know, that this thing has speakers in the headrest!",No. Really?,neutral,surprise
756,757,758,"Yeah? Wow! Y’know, that this thing has speakers in the headrest!",No. Really?,Yeah! You can hook it up to your TV,surprise,joy
757,758,759,No. Really?,Yeah! You can hook it up to your TV,My chair heals itself.,surprise,neutral
759,760,761,My chair heals itself.,"Tiger!  Dragon! Iceberg!!  Joseph, did you even study at all last night?","Yes! Yes, I did.",neutral,sadness
760,761,762,"Tiger!  Dragon! Iceberg!!  Joseph, did you even study at all last night?","Yes! Yes, I did.",Then do Iceberg!,anger,anger
761,762,763,"Yes! Yes, I did.",Then do Iceberg!,G-sharp.,sadness,neutral
762,763,764,Then do Iceberg!,G-sharp.,G,anger,neutral
763,764,765,G-sharp.,G,What?! I didn't touch a guitar!,neutral,surprise
764,765,766,G,What?! I didn't touch a guitar!,"No, but you're questioning my method!",neutral,anger
765,766,767,What?! I didn't touch a guitar!,"No, but you're questioning my method!","No, I'm not questioning it, I'm saying it's stupid!  What?!",surprise,anger
769,770,771,Y'know none of my other student thought I was stupid.,"Your other student, was you!","Yeah, well, y'know maybe you just need to try a little harder!",anger,anger
770,771,772,"Your other student, was you!","Yeah, well, y'know maybe you just need to try a little harder!","Look, maybe I need to try a real teacher!",anger,anger
776,777,778,Fine! You go learn from your qualified instructor! But don't come crying to me when everyone's sick and tired of hearing you play,"""Baddest man in the whole damn town.""","Oh, fine! Take his side!",anger,anger
779,780,781,"And shame on you! You should know better, Joey needs to work.  Now come on!",Hey!,No! Ah-ah-ah-ah-ah! You can have this back when the five pages are done!  Ahh!,anger,anger
781,782,783,No! Ah-ah-ah-ah-ah! You can have this back when the five pages are done!  Ahh!,Hi!,Hi.,anger,neutral
782,783,784,Hi!,Hi.,"Hi.  Umm, I think there’s something that we really need to talk about.",joy,joy
783,784,785,Hi.,"Hi.  Umm, I think there’s something that we really need to talk about.","I think we do. Why don’t we go inside?  Look uh, I know why you’re here.",neutral,sadness
784,785,786,"Hi.  Umm, I think there’s something that we really need to talk about.","I think we do. Why don’t we go inside?  Look uh, I know why you’re here.",You do?,joy,surprise
785,786,787,"I think we do. Why don’t we go inside?  Look uh, I know why you’re here.",You do?,"Yeah, and to save you from any embarrassment umm, I think maybe I should talk first.",sadness,neutral
786,787,788,You do?,"Yeah, and to save you from any embarrassment umm, I think maybe I should talk first.",Okay.,surprise,neutral
787,788,789,"Yeah, and to save you from any embarrassment umm, I think maybe I should talk first.",Okay.,"Okay.  Uh, Ross and Rachel. Rachel and Ross. That’s been one heck of a see-saw hasn’t it?",neutral,neutral
788,789,790,Okay.,"Okay.  Uh, Ross and Rachel. Rachel and Ross. That’s been one heck of a see-saw hasn’t it?",What?,neutral,surprise
789,790,791,"Okay.  Uh, Ross and Rachel. Rachel and Ross. That’s been one heck of a see-saw hasn’t it?",What?,"I mean look, that-that one night we had was fun and…and certainly passionate, but don’t you think it’s better if we just stayed friends?",neutral,sadness
790,791,792,What?,"I mean look, that-that one night we had was fun and…and certainly passionate, but don’t you think it’s better if we just stayed friends?",Seriously. What?!,surprise,surprise
791,792,793,"I mean look, that-that one night we had was fun and…and certainly passionate, but don’t you think it’s better if we just stayed friends?",Seriously. What?!,Okay.,sadness,neutral
798,799,800,"In fact, I have some time right now.","Okay, y’know what? Can I, can I talk now?",Oh sure.,neutral,neutral
799,800,801,"Okay, y’know what? Can I, can I talk now?",Oh sure.,"I’m pregnant.  Ross?  Ross?  Okay, whenever you’re ready.  And you’re the father by the way—but you got that",joy,anger
803,804,805,I know!,"Yes! Wow, well, that-that was easy. Okay, you-you go.",Okay.,joy,neutral
804,805,806,"Yes! Wow, well, that-that was easy. Okay, you-you go.",Okay.,Okay.,surprise,neutral
805,806,807,Okay.,Okay.,"Okay, you know, you know when your in bed, with a woman.",neutral,joy
806,807,808,Okay.,"Okay, you know, you know when your in bed, with a woman.",Hmph.,neutral,neutral
807,808,809,"Okay, you know, you know when your in bed, with a woman.",Hmph.,"And, ah, you know, your fooling around with her.",joy,joy
810,811,812,"And you get all these like, mental images in your brain, you know, like Elle MacPherson, or that girl at the Xerox place....","With the belly-button ring? Oh, muhawa!","I know, And then all of the sudden your Mom pops into your head.",joy,anger
816,817,818,You know.... You don't know!,"Your Mom, your telling me, your telling me, about your Mom, what is the matter with you?",You said...,surprise,neutral
817,818,819,"Your Mom, your telling me, your telling me, about your Mom, what is the matter with you?",You said...,I said ',disgust,neutral
819,820,821,I said ',Oh!,Look at Emma!,neutral,surprise
820,821,822,Oh!,Look at Emma!,"I just can’t decide who she looks more alike, you or Rachel?",surprise,neutral
821,822,823,Look at Emma!,"I just can’t decide who she looks more alike, you or Rachel?","Oh what are you kidding? She’s gorgeous, it’s all Rachel.",surprise,joy
822,823,824,"I just can’t decide who she looks more alike, you or Rachel?","Oh what are you kidding? She’s gorgeous, it’s all Rachel.","I’m sorry, for the last time, why aren’t you two together again?",neutral,neutral
827,828,829,"Which would be fine, except you totally are.",It’s…it’s complicated okay?,"Yeah that’s true. Yeah, you love her. You always have. You have a child together. There is no right answer.",neutral,neutral
828,829,830,It’s…it’s complicated okay?,"Yeah that’s true. Yeah, you love her. You always have. You have a child together. There is no right answer.","Look, we’ve been together.",sadness,sadness
836,837,838,"Since Rachel and I we’re doing really, we’re doing really well right now.","I know. I know. I know. I know, and if you try to make it more you might wreck it.","Yeah, exactly.",sadness,neutral
837,838,839,"I know. I know. I know. I know, and if you try to make it more you might wreck it.","Yeah, exactly.",Right.  Or you might get everything you’ve wanted since you were fifteen.,neutral,neutral
840,841,842,God. I forgot how much I love driving. I have,You don’t have a,"Oh Ross you’re so tense! You just gotta relax, okay? Just need to relax all right? Just need to relax",joy,neutral
841,842,843,You don’t have a,"Oh Ross you’re so tense! You just gotta relax, okay? Just need to relax all right? Just need to relax",What-what are you doing?! Are you—Okay that’s not funny! Just stop horsing around!,neutral,anger
842,843,844,"Oh Ross you’re so tense! You just gotta relax, okay? Just need to relax all right? Just need to relax",What-what are you doing?! Are you—Okay that’s not funny! Just stop horsing around!,"I am not horsing around, okay? I am Porsching around.",neutral,joy
845,846,847,Uh-oh.,"Okay, stay calm. Nothing is going to happen to you, you are not in that much trouble.",Really? You think so?,fear,fear
846,847,848,"Okay, stay calm. Nothing is going to happen to you, you are not in that much trouble.",Really? You think so?,I was talking to myself! You’re going down!,neutral,anger
849,850,851,Hey honey! I missed you today!,"Oh, yeah?",Yeah.  What d'you wanna do tonight?,joy,neutral
850,851,852,"Oh, yeah?",Yeah.  What d'you wanna do tonight?,"Oh, well... Maybe we could...",surprise,neutral
851,852,853,Yeah.  What d'you wanna do tonight?,"Oh, well... Maybe we could...","Ok, trying to turn me on by making a mess?",neutral,joy
855,856,857,"Besides, tomorrow we're doing those fertility tests and until then you need    to keep your tadpoles in the tank.",We really need to take those tests?,"Honey, we've been trying to have a baby for over a year.",neutral,neutral
860,861,862,"Oh, hi Max! Hey, do you know everybody?",No. Have you seen David?,"No, no, he hasn't been around.",neutral,neutral
861,862,863,No. Have you seen David?,"No, no, he hasn't been around.","Well, if you see him, tell him to pack his bags. We are going to Minsk.",neutral,neutral
862,863,864,"No, no, he hasn't been around.","Well, if you see him, tell him to pack his bags. We are going to Minsk.",Minsk?,neutral,surprise
863,864,865,"Well, if you see him, tell him to pack his bags. We are going to Minsk.",Minsk?,Minsk. It's in Russia.,neutral,neutral
864,865,866,Minsk?,Minsk. It's in Russia.,I know where Minsk is.,surprise,neutral
865,866,867,Minsk. It's in Russia.,I know where Minsk is.,"We got the grant. Three years, all expenses paid.",neutral,joy
866,867,868,I know where Minsk is.,"We got the grant. Three years, all expenses paid.","So when, when do you leave?",neutral,neutral
867,868,869,"We got the grant. Three years, all expenses paid.","So when, when do you leave?",January first,joy,neutral
874,875,876,Pretty great! Except I did get a little attitude from the robot.,"Damn those robots, they’re supposed to be our","Anyway, it wasn’t the robot, it was the guy who controls him.",joy,neutral
880,881,882,Ohh!,"Well, why don’t you just get him fired?","I may have to, I hate to do it, but I’m the star!",surprise,anger
886,887,888,Joey Tribbiani.,"Joe! I’m glad I found ya, I got an audition for ya!",Wow!,neutral,surprise
887,888,889,"Joe! I’m glad I found ya, I got an audition for ya!",Wow!,The thing is it’s kinda on the Q.T.,joy,neutral
894,895,896,What is going on with you? Since when are you so crazy about babies?,I’m not crazy about babies. I’m crazy about us.,What?,surprise,surprise
895,896,897,I’m not crazy about babies. I’m crazy about us.,What?,"Look, we’ve always talked about having babies someday.",joy,neutral
904,905,906,"He said, ""Nice to meet you Glenda.""  Well, obviously I couldn't give him my real name?",Why?! Why not?!,"Come on, you saw the way he ran out of here!",neutral,sadness
908,909,910,He's gonna stick around and talk to the daughter he abandoned!,What did you say to him?,"Well, I said, I told him y'know, that I was the executor person of Francis' will and that I needed to talk to him so I'm gonna meet him at the coffee house later.",sadness,neutral
912,913,914,"Okay, in about ten seconds you’re gonna see him kiss me.",And in about five seconds you’re gonna see why.,Ross did I ever tell you about the time that I went backpacking through Western Europe?,joy,neutral
915,916,917,"Okay, get ready to see some beggin’!","Oh, you came on to Ross!",What?!,joy,surprise
917,918,919,What?!,Now I’m so happy.,What are you talking about?!,surprise,surprise
922,923,924,How do you know about that story?!,How do,I heard it from my friend Irene who heard it from some guy!,surprise,neutral
923,924,925,How do,I heard it from my friend Irene who heard it from some guy!,Some guy!!,neutral,surprise
924,925,926,I heard it from my friend Irene who heard it from some guy!,Some guy!!,"No. No, she told me his name was Ken Adams.",neutral,neutral
925,926,927,Some guy!!,"No. No, she told me his name was Ken Adams.",Ken Adams!!,surprise,surprise
928,929,930,"How we doing, you guys ready?",Mom already called this morning to remind me not to wear my hair up. Did you know my ears are not my best feature?,Some days it's all I can think about.,neutral,neutral
930,931,932,Some days it's all I can think about.,"Hi, sorry I'm late, I couldn't find my bearings.","Oh... ok, fine.",neutral,neutral
937,938,939,I can’t believe this! How long as this been going on?,"Well umm, Alexandra has been","Oh, it has a name?",surprise,surprise
938,939,940,"Well umm, Alexandra has been","Oh, it has a name?","Phoebe, don’t get upset!",neutral,sadness
939,940,941,"Oh, it has a name?","Phoebe, don’t get upset!",Okay—Oop! Too late! I’m leaving! Come on Chandler let’s go!,surprise,anger
942,943,944,"Well, Phoebe I thought I’d——Yeah, what the hell.",Ben!,"Oh, that's good. Maybe he'll hear you and pull the cord.",neutral,anger
943,944,945,Ben!,"Oh, that's good. Maybe he'll hear you and pull the cord.",Stop the bus! Wait! Wait! Wait!,fear,fear
956,957,958,"Ok, Paulo, why don't you just go get dressed, and then you be on your way, ok, bye-bye.","Rachel, how did this happen?","I don't know, I just kinda ran into him last night.",joy,fear
958,959,960,"I don't know, I just kinda ran into him last night.",Where?,At his apartment. Is this juice?,fear,neutral
960,961,962,At his apartment. Is this juice?,"Whoa, whoa. And the fact that you dumped him because he hit on Phoebe?","Oh God, I know I'm a pathetic loser.",neutral,sadness
963,964,965,"I licked my arm, what?",It's breast milk.,So?,surprise,neutral
969,970,971,"Ok, would people stop drinking the breast milk?",You won't even taste it?,No!,disgust,disgust
970,971,972,You won't even taste it?,No!,Not even if you just pretend that it's milk?,neutral,neutral
971,972,973,No!,Not even if you just pretend that it's milk?,Not even if Carol's breast had a picture of a missing child on it.,disgust,disgust
973,974,976,Not even if Carol's breast had a picture of a missing child on it.,Aww!,"Hey Pheebs, could you please not put your feet up on my new……old sheet?",disgust,disgust
980,982,983,What?!,Noooooo!!,"Ross, where did you get this?!",surprise,surprise
982,983,985,Noooooo!!,"Ross, where did you get this?!","Oh my God, Phoebe,",fear,anger
983,985,986,"Ross, where did you get this?!","Oh my God, Phoebe,","Wow! Oh my God, well if they’ve ripped off our table ours must be much more than one and fifty dollars!",surprise,anger
991,992,993,"It's too soon to tell. She's resting, which is a good sign.",How's the hair?,"I'm not gonna lie to you, Ross, it doesn't look good.",neutral,sadness
994,995,996,"I put a clip on one side, which seems to have stopped the curling.",Can we see her?,"Your hair looks too good, I think it would upset her. Ross, why don't you come on in.",neutral,sadness
995,996,998,Can we see her?,"Your hair looks too good, I think it would upset her. Ross, why don't you come on in.",How're you doing?,neutral,sadness
1003,1004,1005,"Yeah, it's kinda sweet, sorta like, uh...",Cantaloupe juice.,Exactly.,neutral,neutral
1006,1007,1008,You've tasted it? You've tasted it.,Uh huh.,"Oh, you've tasted it.",surprise,anger
1007,1008,1009,Uh huh.,"Oh, you've tasted it.","You can keep saying it, but it won't stop being true.",neutral,neutral
1008,1009,1010,"Oh, you've tasted it.","You can keep saying it, but it won't stop being true.",Gimme the bottle.  Gimme the towel.,anger,anger
1011,1012,1013,I still don't get why Greg and Jenny would give us a fake number.,"Y’know, if they knew what they were doing they probably didn’t give you real names either.","Okay, maybe people give out fake numbers, but they don’t give out fake names.",anger,anger
1012,1013,1014,"Y’know, if they knew what they were doing they probably didn’t give you real names either.","Okay, maybe people give out fake numbers, but they don’t give out fake names.","Oh yeah?  Hi, Ken Adams, nice to meet you.",neutral,neutral
1016,1017,1018,"I still don’t get it, we didn’t do anything wrong.","I know! Although, you did tell an awful lot of jokes.",I thought you said those jokes were funny. Joke! Joke! Joke!,surprise,surprise
1017,1018,1019,"I know! Although, you did tell an awful lot of jokes.",I thought you said those jokes were funny. Joke! Joke! Joke!,Joke. Joke. Blah! Blah!,anger,anger
1018,1019,1020,I thought you said those jokes were funny. Joke! Joke! Joke!,Joke. Joke. Blah! Blah!,Well maybe it was all of your questions.,surprise,neutral
1019,1020,1021,Joke. Joke. Blah! Blah!,Well maybe it was all of your questions.,What about my questions?,anger,neutral
1022,1023,1024,"No, I’m sorry. It’s just my foot itches like crazy.","Oh, I’ll get it.",Wow! I usually get to know a girl a little better before I let her spoon me.,neutral,surprise
1023,1024,1025,"Oh, I’ll get it.",Wow! I usually get to know a girl a little better before I let her spoon me.,"Relax, it’s not like we’re forking.",neutral,joy
1025,1026,1027,"Relax, it’s not like we’re forking.","Look at it! Ohhh! Wallpaper’s a little faded, that’s okay. Carpet’s a little loose. Hardwood floors!!",Hey!,joy,joy
1027,1028,1029,Hey!,Hello.,Oh! Ooh! Oh Monica! It’s so beautiful.,joy,joy
1029,1030,1031,Oh! Ooh! Oh Monica! It’s so beautiful.,I know!!!,"So, I’m here, ready to play.",joy,joy
1030,1031,1032,I know!!!,"So, I’m here, ready to play.",Okay.,joy,neutral
1031,1032,1033,"So, I’m here, ready to play.",Okay.,"I brought a bunch of stuff for the house, so check it out. Ha-ha.",joy,joy
1032,1033,1034,Okay.,"I brought a bunch of stuff for the house, so check it out. Ha-ha.",What’s this?,neutral,surprise
1033,1034,1035,"I brought a bunch of stuff for the house, so check it out. Ha-ha.",What’s this?,"That’s a dog, every house should have a dog.",joy,joy
1034,1035,1036,What’s this?,"That’s a dog, every house should have a dog.",Not one that can pee on the roof.,surprise,surprise
1035,1036,1037,"That’s a dog, every house should have a dog.",Not one that can pee on the roof.,"Well, maybe it’s so big because the house was built on radioactive waste.",joy,joy
1037,1038,1039,"Well, maybe it’s so big because the house was built on radioactive waste.",And is this in case the house sneezes?,"No, no, that’s the ghost for the attic.",joy,neutral
1039,1040,1041,"No, no, that’s the ghost for the attic.",I don’t want a ghost.,"Well, nobody wants a ghost. But you’ve got one, because the house is sitting on an ancient Indian burial ground.",neutral,neutral
1041,1042,1043,"Well, nobody wants a ghost. But you’ve got one, because the house is sitting on an ancient Indian burial ground.","Wait a minute, the house was built on radioactive waste, and an ancient Indian burial ground? That would never happen.","Okay, obviously you don’t know much about the U.S. government.",neutral,neutral
1044,1045,1046,Hey!,Hello.,I need to talk to you!,surprise,joy
1048,1049,1050,"All right, I just got changed in thirty seconds so you can be alone with him. You'd better go for it.","Please, I'm not going for anything.","Well, if you don't, I will.",anger,anger
1049,1050,1051,"Please, I'm not going for anything.","Well, if you don't, I will.",Would you please go?,disgust,joy
1051,1052,1053,Would you please go?,I would!,"Hey, guys, guys, did you see my new, china cabinet?!",joy,joy
1054,1055,1057,Uh-huh.,"Watch, watch.",Ooohhhh!!,neutral,surprise
1055,1057,1059,"Watch, watch.",Ooohhhh!!,"And, and!",joy,joy
1057,1059,1060,Ooohhhh!!,"And, and!",Ahhhh!!,surprise,surprise
1061,1062,1063,"Hey, my Father’s house does that!","O-o-o-okay, how did it go? Tell me everything.","Well, the movie was great, dinner was great, and there’s nothing like a cool, crisp New York evening.",surprise,neutral
1068,1069,1070,It’s clearly an Emma.,"Oh honey, but you love that name.","Yeah, but I love you more.",neutral,joy
1082,1083,1084,Nice try.,"Wait, wait, wait!","Look, Monica",sadness,neutral
1083,1084,1085,"Wait, wait, wait!","Look, Monica",Look!,joy,surprise
1084,1085,1086,"Look, Monica",Look!,This is not going to work.,neutral,anger
1085,1086,1087,Look!,This is not going to work.,I bet this will work!,surprise,joy
1086,1087,1088,This is not going to work.,I bet this will work!,You are so great! I love you!,anger,joy
1087,1088,1089,I bet this will work!,You are so great! I love you!,What?,joy,surprise
1088,1089,1090,You are so great! I love you!,What?,"Nothing! I said, I said ""You're so great"" and then I just, I just stopped talking!",joy,fear
1089,1090,1091,What?,"Nothing! I said, I said ""You're so great"" and then I just, I just stopped talking!",You said you loved me! I can't believe this!,surprise,surprise
1090,1091,1092,"Nothing! I said, I said ""You're so great"" and then I just, I just stopped talking!",You said you loved me! I can't believe this!,No I didn't!,fear,fear
1091,1092,1093,You said you loved me! I can't believe this!,No I didn't!,"Yes, you did!",surprise,surprise
1092,1093,1094,No I didn't!,"Yes, you did!",No I didn't!,fear,fear
1093,1094,1095,"Yes, you did!",No I didn't!,You love me!,surprise,joy
1094,1095,1096,No I didn't!,You love me!,No I don't! Stop it! Stop it! Stop it! Stop it!,fear,anger
1095,1096,1097,You love me!,No I don't! Stop it! Stop it! Stop it! Stop it!,Hello Greg?,joy,neutral
1100,1101,1102,Jenny’s been giving it out since they moved!,Jenny! That is so Jenny!,"Hey listen umm, how would you like to get together?",anger,neutral
1117,1118,1119,"Joey, what are you talking about? You’re a terrific actor.",You really think so?,"Ugh, how can you even ask that question?!",neutral,surprise
1118,1119,1120,You really think so?,"Ugh, how can you even ask that question?!",Ross! Get a shot of this. (He's carrying an issue of the,surprise,surprise
1131,1132,1133,"Yeah, I love you. Okay, bye!  Hi!",Hi!,"That was Alice's mom, she said she left five hours ago. She should be here by now!",joy,fear
1132,1133,1134,Hi!,"That was Alice's mom, she said she left five hours ago. She should be here by now!","Oh, honey, don’t worry. She's gonna make it on time.",joy,neutral
1133,1134,1135,"That was Alice's mom, she said she left five hours ago. She should be here by now!","Oh, honey, don’t worry. She's gonna make it on time.",Yeah.,fear,neutral
1145,1146,1147,"Ohh, okay, they gave you the old time pricing.",Yeah.,"Well, what period is it from?",neutral,neutral
1146,1147,1148,Yeah.,"Well, what period is it from?","Uh, it’s from yore. Like the days of yore. Y’know?",neutral,neutral
1147,1148,1149,"Well, what period is it from?","Uh, it’s from yore. Like the days of yore. Y’know?","Yes, yes I do.",neutral,neutral
1153,1155,1156,Did they tell you anything?,"Yes! That I know, this is from White Plains.","White Plains. Oh, it sounds like such a magical place.",neutral,joy
1157,1158,1159,"So, you still don’t think I’m boyfriend material?",Huh?,I saw you checking me out during the game last night.,anger,neutral
1161,1162,1163,“Good-bye Phoebe and Ursula. I’ll miss you. P.S. Your Mom lives in Montauk.” You just wrote this!,"Well, it’s pretty much the gist. Well, except for the poem. You read the poem, right?",Noooo!!,sadness,sadness
1162,1163,1164,"Well, it’s pretty much the gist. Well, except for the poem. You read the poem, right?",Noooo!!,"All right, hang on!",neutral,neutral
1165,1166,1167,"Rachel, it’s going to happen. Chandler is gonna move in here.",But I,"No-no, wait!",neutral,neutral
1170,1171,1172,And it,It is? Really?,"Yeah, sweetie.",neutral,neutral
1171,1172,1173,It is? Really?,"Yeah, sweetie.","I mean we’re not, we’re not gonna live together anymore?",surprise,sadness
1172,1173,1174,"Yeah, sweetie.","I mean we’re not, we’re not gonna live together anymore?",No.,neutral,sadness
1173,1174,1175,"I mean we’re not, we’re not gonna live together anymore?",No.,What? Oh my God! I’m gonna miss you so much!,sadness,sadness
1174,1175,1176,No.,What? Oh my God! I’m gonna miss you so much!,I’m gonna miss you!,sadness,sadness
1175,1176,1177,What? Oh my God! I’m gonna miss you so much!,I’m gonna miss you!,I mean it’s the end of an era!,sadness,sadness
1176,1177,1178,I’m gonna miss you!,I mean it’s the end of an era!,I know!,sadness,sadness
